Domain,Category,SEO_Title,SEO_Description,Meta_Description
PreciseTutor.com,brandable_general,PreciseTutor.com – 高端品牌域名（Brandable General）,PreciseTutor.com 适用于 可品牌化、短名称、易记。名称简短易记，关键词相关度强，利于SEO与自然增长，增强品牌可信度。,了解 PreciseTutor.com：面向 可品牌化、短名称、易记 的高端品牌域名，简短易记，SEO 友好。
Nilufer.org,brandable_general,Nilufer.org – 高端品牌域名（Brandable General）,Nilufer.org 适用于 可品牌化、短名称、易记。名称简短易记，关键词相关度强，利于SEO与自然增长，增强品牌可信度。,了解 Nilufer.org：面向 可品牌化、短名称、易记 的高端品牌域名，简短易记，SEO 友好。
NIFE.net,brandable_general,NIFE.net – 高端品牌域名（Brandable General）,NIFE.net 适用于 可品牌化、短名称、易记。名称简短易记，关键词相关度强，利于SEO与自然增长，增强品牌可信度。,了解 NIFE.net：面向 可品牌化、短名称、易记 的高端品牌域名，简短易记，SEO 友好。
SUAT.net,brandable_general,SUAT.net – 高端品牌域名（Brandable General）,SUAT.net 适用于 可品牌化、短名称、易记。名称简短易记，关键词相关度强，利于SEO与自然增长，增强品牌可信度。,了解 SUAT.net：面向 可品牌化、短名称、易记 的高端品牌域名，简短易记，SEO 友好。
WordyPool.com,brandable_general,WordyPool.com – 高端品牌域名（Brandable General）,WordyPool.com 适用于 可品牌化、短名称、易记。名称简短易记，关键词相关度强，利于SEO与自然增长，增强品牌可信度。,了解 WordyPool.com：面向 可品牌化、短名称、易记 的高端品牌域名，简短易记，SEO 友好。
EntryOL.com,trend_analytics,EntryOL.com – 高端品牌域名（Trend Analytics）,EntryOL.com 适用于 分析、数据、趋势。名称简短易记，关键词相关度强，利于SEO与自然增长，增强品牌可信度。,了解 EntryOL.com：面向 分析、数据、趋势 的高端品牌域名，简短易记，SEO 友好。
NewsPrivate.com,brandable_general,NewsPrivate.com – 高端品牌域名（Brandable General）,NewsPrivate.com 适用于 可品牌化、短名称、易记。名称简短易记，关键词相关度强，利于SEO与自然增长，增强品牌可信度。,了解 NewsPrivate.com：面向 可品牌化、短名称、易记 的高端品牌域名，简短易记，SEO 友好。
TalkInHealth.com,brandable_general,TalkInHealth.com – 高端品牌域名（Brandable General）,TalkInHealth.com 适用于 可品牌化、短名称、易记。名称简短易记，关键词相关度强，利于SEO与自然增长，增强品牌可信度。,了解 TalkInHealth.com：面向 可品牌化、短名称、易记 的高端品牌域名，简短易记，SEO 友好。
Kontenjan.com,brandable_general,Kontenjan.com – 高端品牌域名（Brandable General）,Kontenjan.com 适用于 可品牌化、短名称、易记。名称简短易记，关键词相关度强，利于SEO与自然增长，增强品牌可信度。,了解 Kontenjan.com：面向 可品牌化、短名称、易记 的高端品牌域名，简短易记，SEO 友好。
Beyrout.com,brandable_general,Beyrout.com – 高端品牌域名（Brandable General）,Beyrout.com 适用于 可品牌化、短名称、易记。名称简短易记，关键词相关度强，利于SEO与自然增长，增强品牌可信度。,了解 Beyrout.com：面向 可品牌化、短名称、易记 的高端品牌域名，简短易记，SEO 友好。
LineHaber.com,brandable_general,LineHaber.com – 高端品牌域名（Brandable General）,LineHaber.com 适用于 可品牌化、短名称、易记。名称简短易记，关键词相关度强，利于SEO与自然增长，增强品牌可信度。,了解 LineHaber.com：面向 可品牌化、短名称、易记 的高端品牌域名，简短易记，SEO 友好。
ForDiver.com,brandable_general,ForDiver.com – 高端品牌域名（Brandable General）,ForDiver.com 适用于 可品牌化、短名称、易记。名称简短易记，关键词相关度强，利于SEO与自然增长，增强品牌可信度。,了解 ForDiver.com：面向 可品牌化、短名称、易记 的高端品牌域名，简短易记，SEO 友好。
Layusel.com,brandable_general,Layusel.com – 高端品牌域名（Brandable General）,Layusel.com 适用于 可品牌化、短名称、易记。名称简短易记，关键词相关度强，利于SEO与自然增长，增强品牌可信度。,了解 Layusel.com：面向 可品牌化、短名称、易记 的高端品牌域名，简短易记，SEO 友好。
SoloTat.com,brandable_general,SoloTat.com – 高端品牌域名（Brandable General）,SoloTat.com 适用于 可品牌化、短名称、易记。名称简短易记，关键词相关度强，利于SEO与自然增长，增强品牌可信度。,了解 SoloTat.com：面向 可品牌化、短名称、易记 的高端品牌域名，简短易记，SEO 友好。
Nesnelita.com,brandable_general,Nesnelita.com – 高端品牌域名（Brandable General）,Nesnelita.com 适用于 可品牌化、短名称、易记。名称简短易记，关键词相关度强，利于SEO与自然增长，增强品牌可信度。,了解 Nesnelita.com：面向 可品牌化、短名称、易记 的高端品牌域名，简短易记，SEO 友好。
ChimeSweeps.com,brandable_general,ChimeSweeps.com – 高端品牌域名（Brandable General）,ChimeSweeps.com 适用于 可品牌化、短名称、易记。名称简短易记，关键词相关度强，利于SEO与自然增长，增强品牌可信度。,了解 ChimeSweeps.com：面向 可品牌化、短名称、易记 的高端品牌域名，简短易记，SEO 友好。
Joker.menu,brandable_general,Joker.menu – 高端品牌域名（Brandable General）,Joker.menu 适用于 可品牌化、短名称、易记。名称简短易记，关键词相关度强，利于SEO与自然增长，增强品牌可信度。,了解 Joker.menu：面向 可品牌化、短名称、易记 的高端品牌域名，简短易记，SEO 友好。
Kulakizi.com,brandable_general,Kulakizi.com – 高端品牌域名（Brandable General）,Kulakizi.com 适用于 可品牌化、短名称、易记。名称简短易记，关键词相关度强，利于SEO与自然增长，增强品牌可信度。,了解 Kulakizi.com：面向 可品牌化、短名称、易记 的高端品牌域名，简短易记，SEO 友好。
ElitAnne.com,brandable_general,ElitAnne.com – 高端品牌域名（Brandable General）,ElitAnne.com 适用于 可品牌化、短名称、易记。名称简短易记，关键词相关度强，利于SEO与自然增长，增强品牌可信度。,了解 ElitAnne.com：面向 可品牌化、短名称、易记 的高端品牌域名，简短易记，SEO 友好。
Contactless.live,brandable_general,Contactless.live – 高端品牌域名（Brandable General）,Contactless.live 适用于 可品牌化、短名称、易记。名称简短易记，关键词相关度强，利于SEO与自然增长，增强品牌可信度。,了解 Contactless.live：面向 可品牌化、短名称、易记 的高端品牌域名，简短易记，SEO 友好。
OnlyMyTime.com,brandable_general,OnlyMyTime.com – 高端品牌域名（Brandable General）,OnlyMyTime.com 适用于 可品牌化、短名称、易记。名称简短易记，关键词相关度强，利于SEO与自然增长，增强品牌可信度。,了解 OnlyMyTime.com：面向 可品牌化、短名称、易记 的高端品牌域名，简短易记，SEO 友好。
VitrinIstanbul.com,brandable_general,VitrinIstanbul.com – 高端品牌域名（Brandable General）,VitrinIstanbul.com 适用于 可品牌化、短名称、易记。名称简短易记，关键词相关度强，利于SEO与自然增长，增强品牌可信度。,了解 VitrinIstanbul.com：面向 可品牌化、短名称、易记 的高端品牌域名，简短易记，SEO 友好。
BrainsColors.com,brand_agency,BrainsColors.com – 高端品牌域名（Brand Agency）,BrainsColors.com 适用于 branding、agency、creative。名称简短易记，关键词相关度强，利于SEO与自然增长，增强品牌可信度。,了解 BrainsColors.com：面向 branding、agency、creative 的高端品牌域名，简短易记，SEO 友好。
GetToTT.com,brandable_general,GetToTT.com – 高端品牌域名（Brandable General）,GetToTT.com 适用于 可品牌化、短名称、易记。名称简短易记，关键词相关度强，利于SEO与自然增长，增强品牌可信度。,了解 GetToTT.com：面向 可品牌化、短名称、易记 的高端品牌域名，简短易记，SEO 友好。
ToggPacific.com,brandable_general,ToggPacific.com – 高端品牌域名（Brandable General）,ToggPacific.com 适用于 可品牌化、短名称、易记。名称简短易记，关键词相关度强，利于SEO与自然增长，增强品牌可信度。,了解 ToggPacific.com：面向 可品牌化、短名称、易记 的高端品牌域名，简短易记，SEO 友好。
BigGaga.com,brandable_general,BigGaga.com – 高端品牌域名（Brandable General）,BigGaga.com 适用于 可品牌化、短名称、易记。名称简短易记，关键词相关度强，利于SEO与自然增长，增强品牌可信度。,了解 BigGaga.com：面向 可品牌化、短名称、易记 的高端品牌域名，简短易记，SEO 友好。
BackStamp.co,brandable_general,BackStamp.co – 高端品牌域名（Brandable General）,BackStamp.co 适用于 可品牌化、短名称、易记。名称简短易记，关键词相关度强，利于SEO与自然增长，增强品牌可信度。,了解 BackStamp.co：面向 可品牌化、短名称、易记 的高端品牌域名，简短易记，SEO 友好。
BoldLend.co,brandable_general,BoldLend.co – 高端品牌域名（Brandable General）,BoldLend.co 适用于 可品牌化、短名称、易记。名称简短易记，关键词相关度强，利于SEO与自然增长，增强品牌可信度。,了解 BoldLend.co：面向 可品牌化、短名称、易记 的高端品牌域名，简短易记，SEO 友好。
EliteComfort.co,nature_green,EliteComfort.co – 高端品牌域名（Nature Green）,EliteComfort.co 适用于 可持续、环保、自然。名称简短易记，关键词相关度强，利于SEO与自然增长，增强品牌可信度。,了解 EliteComfort.co：面向 可持续、环保、自然 的高端品牌域名，简短易记，SEO 友好。
FaceRepair.co,brandable_general,FaceRepair.co – 高端品牌域名（Brandable General）,FaceRepair.co 适用于 可品牌化、短名称、易记。名称简短易记，关键词相关度强，利于SEO与自然增长，增强品牌可信度。,了解 FaceRepair.co：面向 可品牌化、短名称、易记 的高端品牌域名，简短易记，SEO 友好。
GeniusBee.co,brand_agency,GeniusBee.co – 高端品牌域名（Brand Agency）,GeniusBee.co 适用于 branding、agency、creative。名称简短易记，关键词相关度强，利于SEO与自然增长，增强品牌可信度。,了解 GeniusBee.co：面向 branding、agency、creative 的高端品牌域名，简短易记，SEO 友好。
MultiMile.co,brandable_general,MultiMile.co – 高端品牌域名（Brandable General）,MultiMile.co 适用于 可品牌化、短名称、易记。名称简短易记，关键词相关度强，利于SEO与自然增长，增强品牌可信度。,了解 MultiMile.co：面向 可品牌化、短名称、易记 的高端品牌域名，简短易记，SEO 友好。
NurseWorks.co,brandable_general,NurseWorks.co – 高端品牌域名（Brandable General）,NurseWorks.co 适用于 可品牌化、短名称、易记。名称简短易记，关键词相关度强，利于SEO与自然增长，增强品牌可信度。,了解 NurseWorks.co：面向 可品牌化、短名称、易记 的高端品牌域名，简短易记，SEO 友好。
PeakBuilt.co,brandable_general,PeakBuilt.co – 高端品牌域名（Brandable General）,PeakBuilt.co 适用于 可品牌化、短名称、易记。名称简短易记，关键词相关度强，利于SEO与自然增长，增强品牌可信度。,了解 PeakBuilt.co：面向 可品牌化、短名称、易记 的高端品牌域名，简短易记，SEO 友好。
PublicClinic.co,brandable_general,PublicClinic.co – 高端品牌域名（Brandable General）,PublicClinic.co 适用于 可品牌化、短名称、易记。名称简短易记，关键词相关度强，利于SEO与自然增长，增强品牌可信度。,了解 PublicClinic.co：面向 可品牌化、短名称、易记 的高端品牌域名，简短易记，SEO 友好。
ShoeSpot.co,brandable_general,ShoeSpot.co – 高端品牌域名（Brandable General）,ShoeSpot.co 适用于 可品牌化、短名称、易记。名称简短易记，关键词相关度强，利于SEO与自然增长，增强品牌可信度。,了解 ShoeSpot.co：面向 可品牌化、短名称、易记 的高端品牌域名，简短易记，SEO 友好。
SmartWarranty.co,warranty,SmartWarranty.co – 高端品牌域名（Warranty）,SmartWarranty.co 适用于 保修、延保、保障。名称简短易记，关键词相关度强，利于SEO与自然增长，增强品牌可信度。,了解 SmartWarranty.co：面向 保修、延保、保障 的高端品牌域名，简短易记，SEO 友好。
SolarCharging.co,brandable_general,SolarCharging.co – 高端品牌域名（Brandable General）,SolarCharging.co 适用于 可品牌化、短名称、易记。名称简短易记，关键词相关度强，利于SEO与自然增长，增强品牌可信度。,了解 SolarCharging.co：面向 可品牌化、短名称、易记 的高端品牌域名，简短易记，SEO 友好。
SpaTreatments.co,brandable_general,SpaTreatments.co – 高端品牌域名（Brandable General）,SpaTreatments.co 适用于 可品牌化、短名称、易记。名称简短易记，关键词相关度强，利于SEO与自然增长，增强品牌可信度。,了解 SpaTreatments.co：面向 可品牌化、短名称、易记 的高端品牌域名，简短易记，SEO 友好。
SuitStore.co,brandable_general,SuitStore.co – 高端品牌域名（Brandable General）,SuitStore.co 适用于 可品牌化、短名称、易记。名称简短易记，关键词相关度强，利于SEO与自然增长，增强品牌可信度。,了解 SuitStore.co：面向 可品牌化、短名称、易记 的高端品牌域名，简短易记，SEO 友好。
VirtualSight.co,brandable_general,VirtualSight.co – 高端品牌域名（Brandable General）,VirtualSight.co 适用于 可品牌化、短名称、易记。名称简短易记，关键词相关度强，利于SEO与自然增长，增强品牌可信度。,了解 VirtualSight.co：面向 可品牌化、短名称、易记 的高端品牌域名，简短易记，SEO 友好。
TriedCarrier.com,logistics_transport,TriedCarrier.com – 高端品牌域名（Logistics Transport）,TriedCarrier.com 适用于 物流、承运、车队。名称简短易记，关键词相关度强，利于SEO与自然增长，增强品牌可信度。,了解 TriedCarrier.com：面向 物流、承运、车队 的高端品牌域名，简短易记，SEO 友好。
TriedDelivery.com,brandable_general,TriedDelivery.com – 高端品牌域名（Brandable General）,TriedDelivery.com 适用于 可品牌化、短名称、易记。名称简短易记，关键词相关度强，利于SEO与自然增长，增强品牌可信度。,了解 TriedDelivery.com：面向 可品牌化、短名称、易记 的高端品牌域名，简短易记，SEO 友好。
Lebabet.com,brandable_general,Lebabet.com – 高端品牌域名（Brandable General）,Lebabet.com 适用于 可品牌化、短名称、易记。名称简短易记，关键词相关度强，利于SEO与自然增长，增强品牌可信度。,了解 Lebabet.com：面向 可品牌化、短名称、易记 的高端品牌域名，简短易记，SEO 友好。
WhiteScut.com,brandable_general,WhiteScut.com – 高端品牌域名（Brandable General）,WhiteScut.com 适用于 可品牌化、短名称、易记。名称简短易记，关键词相关度强，利于SEO与自然增长，增强品牌可信度。,了解 WhiteScut.com：面向 可品牌化、短名称、易记 的高端品牌域名，简短易记，SEO 友好。
Aleyh.com,brandable_general,Aleyh.com – 高端品牌域名（Brandable General）,Aleyh.com 适用于 可品牌化、短名称、易记。名称简短易记，关键词相关度强，利于SEO与自然增长，增强品牌可信度。,了解 Aleyh.com：面向 可品牌化、短名称、易记 的高端品牌域名，简短易记，SEO 友好。
CNPQ.org,brandable_general,CNPQ.org – 高端品牌域名（Brandable General）,CNPQ.org 适用于 可品牌化、短名称、易记。名称简短易记，关键词相关度强，利于SEO与自然增长，增强品牌可信度。,了解 CNPQ.org：面向 可品牌化、短名称、易记 的高端品牌域名，简短易记，SEO 友好。
UsherMore.com,brandable_general,UsherMore.com – 高端品牌域名（Brandable General）,UsherMore.com 适用于 可品牌化、短名称、易记。名称简短易记，关键词相关度强，利于SEO与自然增长，增强品牌可信度。,了解 UsherMore.com：面向 可品牌化、短名称、易记 的高端品牌域名，简短易记，SEO 友好。
Zikrullah.com,brandable_general,Zikrullah.com – 高端品牌域名（Brandable General）,Zikrullah.com 适用于 可品牌化、短名称、易记。名称简短易记，关键词相关度强，利于SEO与自然增长，增强品牌可信度。,了解 Zikrullah.com：面向 可品牌化、短名称、易记 的高端品牌域名，简短易记，SEO 友好。
Vakit.org,brandable_general,Vakit.org – 高端品牌域名（Brandable General）,Vakit.org 适用于 可品牌化、短名称、易记。名称简短易记，关键词相关度强，利于SEO与自然增长，增强品牌可信度。,了解 Vakit.org：面向 可品牌化、短名称、易记 的高端品牌域名，简短易记，SEO 友好。
AimDD.com,brandable_general,AimDD.com – 高端品牌域名（Brandable General）,AimDD.com 适用于 可品牌化、短名称、易记。名称简短易记，关键词相关度强，利于SEO与自然增长，增强品牌可信度。,了解 AimDD.com：面向 可品牌化、短名称、易记 的高端品牌域名，简短易记，SEO 友好。
mPAYm.com,brandable_general,mPAYm.com – 高端品牌域名（Brandable General）,mPAYm.com 适用于 可品牌化、短名称、易记。名称简短易记，关键词相关度强，利于SEO与自然增长，增强品牌可信度。,了解 mPAYm.com：面向 可品牌化、短名称、易记 的高端品牌域名，简短易记，SEO 友好。
GoGode.com,brandable_general,GoGode.com – 高端品牌域名（Brandable General）,GoGode.com 适用于 可品牌化、短名称、易记。名称简短易记，关键词相关度强，利于SEO与自然增长，增强品牌可信度。,了解 GoGode.com：面向 可品牌化、短名称、易记 的高端品牌域名，简短易记，SEO 友好。
TTSus.com,brandable_general,TTSus.com – 高端品牌域名（Brandable General）,TTSus.com 适用于 可品牌化、短名称、易记。名称简短易记，关键词相关度强，利于SEO与自然增长，增强品牌可信度。,了解 TTSus.com：面向 可品牌化、短名称、易记 的高端品牌域名，简短易记，SEO 友好。
Oemec.com,brandable_general,Oemec.com – 高端品牌域名（Brandable General）,Oemec.com 适用于 可品牌化、短名称、易记。名称简短易记，关键词相关度强，利于SEO与自然增长，增强品牌可信度。,了解 Oemec.com：面向 可品牌化、短名称、易记 的高端品牌域名，简短易记，SEO 友好。
Padga.com,brandable_general,Padga.com – 高端品牌域名（Brandable General）,Padga.com 适用于 可品牌化、短名称、易记。名称简短易记，关键词相关度强，利于SEO与自然增长，增强品牌可信度。,了解 Padga.com：面向 可品牌化、短名称、易记 的高端品牌域名，简短易记，SEO 友好。
TatilSpotu.com,brandable_general,TatilSpotu.com – 高端品牌域名（Brandable General）,TatilSpotu.com 适用于 可品牌化、短名称、易记。名称简短易记，关键词相关度强，利于SEO与自然增长，增强品牌可信度。,了解 TatilSpotu.com：面向 可品牌化、短名称、易记 的高端品牌域名，简短易记，SEO 友好。
MirRoo.com,brandable_general,MirRoo.com – 高端品牌域名（Brandable General）,MirRoo.com 适用于 可品牌化、短名称、易记。名称简短易记，关键词相关度强，利于SEO与自然增长，增强品牌可信度。,了解 MirRoo.com：面向 可品牌化、短名称、易记 的高端品牌域名，简短易记，SEO 友好。
SozLux.com,brandable_general,SozLux.com – 高端品牌域名（Brandable General）,SozLux.com 适用于 可品牌化、短名称、易记。名称简短易记，关键词相关度强，利于SEO与自然增长，增强品牌可信度。,了解 SozLux.com：面向 可品牌化、短名称、易记 的高端品牌域名，简短易记，SEO 友好。
PanelAxis.com,saas_dashboard,PanelAxis.com – 高端品牌域名（Saas Dashboard）,PanelAxis.com 适用于 SaaS、数据看板、B2B软件。名称简短易记，关键词相关度强，利于SEO与自然增长，增强品牌可信度。,了解 PanelAxis.com：面向 SaaS、数据看板、B2B软件 的高端品牌域名，简短易记，SEO 友好。
MentorTiger.com,animals_strength,MentorTiger.com – 高端品牌域名（Animals Strength）,MentorTiger.com 适用于 健身、户外、领导力。名称简短易记，关键词相关度强，利于SEO与自然增长，增强品牌可信度。,了解 MentorTiger.com：面向 健身、户外、领导力 的高端品牌域名，简短易记，SEO 友好。
SuperWavy.com,brandable_general,SuperWavy.com – 高端品牌域名（Brandable General）,SuperWavy.com 适用于 可品牌化、短名称、易记。名称简短易记，关键词相关度强，利于SEO与自然增长，增强品牌可信度。,了解 SuperWavy.com：面向 可品牌化、短名称、易记 的高端品牌域名，简短易记，SEO 友好。
Zivto.com,brandable_general,Zivto.com – 高端品牌域名（Brandable General）,Zivto.com 适用于 可品牌化、短名称、易记。名称简短易记，关键词相关度强，利于SEO与自然增长，增强品牌可信度。,了解 Zivto.com：面向 可品牌化、短名称、易记 的高端品牌域名，简短易记，SEO 友好。
FlavorOrbit.com,food_snack,FlavorOrbit.com – 高端品牌域名（Food Snack）,FlavorOrbit.com 适用于 零食、餐饮品牌、外卖。名称简短易记，关键词相关度强，利于SEO与自然增长，增强品牌可信度。,了解 FlavorOrbit.com：面向 零食、餐饮品牌、外卖 的高端品牌域名，简短易记，SEO 友好。
NiceLush.com,health_diet,NiceLush.com – 高端品牌域名（Health Diet）,NiceLush.com 适用于 健康饮食、营养、健康管理。名称简短易记，关键词相关度强，利于SEO与自然增长，增强品牌可信度。,了解 NiceLush.com：面向 健康饮食、营养、健康管理 的高端品牌域名，简短易记，SEO 友好。
SnackOrbit.com,food_snack,SnackOrbit.com – 高端品牌域名（Food Snack）,SnackOrbit.com 适用于 零食、餐饮品牌、外卖。名称简短易记，关键词相关度强，利于SEO与自然增长，增强品牌可信度。,了解 SnackOrbit.com：面向 零食、餐饮品牌、外卖 的高端品牌域名，简短易记，SEO 友好。
CardioBear.com,health_diet,CardioBear.com – 高端品牌域名（Health Diet）,CardioBear.com 适用于 健康饮食、营养、健康管理。名称简短易记，关键词相关度强，利于SEO与自然增长，增强品牌可信度。,了解 CardioBear.com：面向 健康饮食、营养、健康管理 的高端品牌域名，简短易记，SEO 友好。
VUY.io,brandable_general,VUY.io – 高端品牌域名（Brandable General）,VUY.io 适用于 可品牌化、短名称、易记。名称简短易记，关键词相关度强，利于SEO与自然增长，增强品牌可信度。,了解 VUY.io：面向 可品牌化、短名称、易记 的高端品牌域名，简短易记，SEO 友好。
AVRI.net,brandable_general,AVRI.net – 高端品牌域名（Brandable General）,AVRI.net 适用于 可品牌化、短名称、易记。名称简短易记，关键词相关度强，利于SEO与自然增长，增强品牌可信度。,了解 AVRI.net：面向 可品牌化、短名称、易记 的高端品牌域名，简短易记，SEO 友好。
USNA.net,brandable_general,USNA.net – 高端品牌域名（Brandable General）,USNA.net 适用于 可品牌化、短名称、易记。名称简短易记，关键词相关度强，利于SEO与自然增长，增强品牌可信度。,了解 USNA.net：面向 可品牌化、短名称、易记 的高端品牌域名，简短易记，SEO 友好。
SBR.net,brandable_general,SBR.net – 高端品牌域名（Brandable General）,SBR.net 适用于 可品牌化、短名称、易记。名称简短易记，关键词相关度强，利于SEO与自然增长，增强品牌可信度。,了解 SBR.net：面向 可品牌化、短名称、易记 的高端品牌域名，简短易记，SEO 友好。
WordEntry.com,trend_analytics,WordEntry.com – 高端品牌域名（Trend Analytics）,WordEntry.com 适用于 分析、数据、趋势。名称简短易记，关键词相关度强，利于SEO与自然增长，增强品牌可信度。,了解 WordEntry.com：面向 分析、数据、趋势 的高端品牌域名，简短易记，SEO 友好。
HairToCare.com,brandable_general,HairToCare.com – 高端品牌域名（Brandable General）,HairToCare.com 适用于 可品牌化、短名称、易记。名称简短易记，关键词相关度强，利于SEO与自然增长，增强品牌可信度。,了解 HairToCare.com：面向 可品牌化、短名称、易记 的高端品牌域名，简短易记，SEO 友好。
HitRegion.com,trend_analytics,HitRegion.com – 高端品牌域名（Trend Analytics）,HitRegion.com 适用于 分析、数据、趋势。名称简短易记，关键词相关度强，利于SEO与自然增长，增强品牌可信度。,了解 HitRegion.com：面向 分析、数据、趋势 的高端品牌域名，简短易记，SEO 友好。
UYFE.com,brandable_general,UYFE.com – 高端品牌域名（Brandable General）,UYFE.com 适用于 可品牌化、短名称、易记。名称简短易记，关键词相关度强，利于SEO与自然增长，增强品牌可信度。,了解 UYFE.com：面向 可品牌化、短名称、易记 的高端品牌域名，简短易记，SEO 友好。
Batyal.com,brandable_general,Batyal.com – 高端品牌域名（Brandable General）,Batyal.com 适用于 可品牌化、短名称、易记。名称简短易记，关键词相关度强，利于SEO与自然增长，增强品牌可信度。,了解 Batyal.com：面向 可品牌化、短名称、易记 的高端品牌域名，简短易记，SEO 友好。
OldLogic.com,trend_analytics,OldLogic.com – 高端品牌域名（Trend Analytics）,OldLogic.com 适用于 分析、数据、趋势。名称简短易记，关键词相关度强，利于SEO与自然增长，增强品牌可信度。,了解 OldLogic.com：面向 分析、数据、趋势 的高端品牌域名，简短易记，SEO 友好。
BonnyDiet.com,health_diet,BonnyDiet.com – 高端品牌域名（Health Diet）,BonnyDiet.com 适用于 健康饮食、营养、健康管理。名称简短易记，关键词相关度强，利于SEO与自然增长，增强品牌可信度。,了解 BonnyDiet.com：面向 健康饮食、营养、健康管理 的高端品牌域名，简短易记，SEO 友好。
Nadyo.com,brandable_general,Nadyo.com – 高端品牌域名（Brandable General）,Nadyo.com 适用于 可品牌化、短名称、易记。名称简短易记，关键词相关度强，利于SEO与自然增长，增强品牌可信度。,了解 Nadyo.com：面向 可品牌化、短名称、易记 的高端品牌域名，简短易记，SEO 友好。
Bipna.com,brandable_general,Bipna.com – 高端品牌域名（Brandable General）,Bipna.com 适用于 可品牌化、短名称、易记。名称简短易记，关键词相关度强，利于SEO与自然增长，增强品牌可信度。,了解 Bipna.com：面向 可品牌化、短名称、易记 的高端品牌域名，简短易记，SEO 友好。
SweetSkirt.com,brandable_general,SweetSkirt.com – 高端品牌域名（Brandable General）,SweetSkirt.com 适用于 可品牌化、短名称、易记。名称简短易记，关键词相关度强，利于SEO与自然增长，增强品牌可信度。,了解 SweetSkirt.com：面向 可品牌化、短名称、易记 的高端品牌域名，简短易记，SEO 友好。
Elfida.com,brandable_general,Elfida.com – 高端品牌域名（Brandable General）,Elfida.com 适用于 可品牌化、短名称、易记。名称简短易记，关键词相关度强，利于SEO与自然增长，增强品牌可信度。,了解 Elfida.com：面向 可品牌化、短名称、易记 的高端品牌域名，简短易记，SEO 友好。
HideDocs.com,security_privacy,HideDocs.com – 高端品牌域名（Security Privacy）,HideDocs.com 适用于 网络安全、隐私、金库。名称简短易记，关键词相关度强，利于SEO与自然增长，增强品牌可信度。,了解 HideDocs.com：面向 网络安全、隐私、金库 的高端品牌域名，简短易记，SEO 友好。
ToggTeam.com,brandable_general,ToggTeam.com – 高端品牌域名（Brandable General）,ToggTeam.com 适用于 可品牌化、短名称、易记。名称简短易记，关键词相关度强，利于SEO与自然增长，增强品牌可信度。,了解 ToggTeam.com：面向 可品牌化、短名称、易记 的高端品牌域名，简短易记，SEO 友好。
Belenay.com,brandable_general,Belenay.com – 高端品牌域名（Brandable General）,Belenay.com 适用于 可品牌化、短名称、易记。名称简短易记，关键词相关度强，利于SEO与自然增长，增强品牌可信度。,了解 Belenay.com：面向 可品牌化、短名称、易记 的高端品牌域名，简短易记，SEO 友好。
LuckLack.com,brandable_general,LuckLack.com – 高端品牌域名（Brandable General）,LuckLack.com 适用于 可品牌化、短名称、易记。名称简短易记，关键词相关度强，利于SEO与自然增长，增强品牌可信度。,了解 LuckLack.com：面向 可品牌化、短名称、易记 的高端品牌域名，简短易记，SEO 友好。
DoSlush.com,health_diet,DoSlush.com – 高端品牌域名（Health Diet）,DoSlush.com 适用于 健康饮食、营养、健康管理。名称简短易记，关键词相关度强，利于SEO与自然增长，增强品牌可信度。,了解 DoSlush.com：面向 健康饮食、营养、健康管理 的高端品牌域名，简短易记，SEO 友好。
Melkut.com,brandable_general,Melkut.com – 高端品牌域名（Brandable General）,Melkut.com 适用于 可品牌化、短名称、易记。名称简短易记，关键词相关度强，利于SEO与自然增长，增强品牌可信度。,了解 Melkut.com：面向 可品牌化、短名称、易记 的高端品牌域名，简短易记，SEO 友好。
Doslash.com,brandable_general,Doslash.com – 高端品牌域名（Brandable General）,Doslash.com 适用于 可品牌化、短名称、易记。名称简短易记，关键词相关度强，利于SEO与自然增长，增强品牌可信度。,了解 Doslash.com：面向 可品牌化、短名称、易记 的高端品牌域名，简短易记，SEO 友好。
ActiveStamp.com,brandable_general,ActiveStamp.com – 高端品牌域名（Brandable General）,ActiveStamp.com 适用于 可品牌化、短名称、易记。名称简短易记，关键词相关度强，利于SEO与自然增长，增强品牌可信度。,了解 ActiveStamp.com：面向 可品牌化、短名称、易记 的高端品牌域名，简短易记，SEO 友好。
WellWhet.com,health_diet,WellWhet.com – 高端品牌域名（Health Diet）,WellWhet.com 适用于 健康饮食、营养、健康管理。名称简短易记，关键词相关度强，利于SEO与自然增长，增强品牌可信度。,了解 WellWhet.com：面向 健康饮食、营养、健康管理 的高端品牌域名，简短易记，SEO 友好。
BetterWolf.com,animals_strength,BetterWolf.com – 高端品牌域名（Animals Strength）,BetterWolf.com 适用于 健身、户外、领导力。名称简短易记，关键词相关度强，利于SEO与自然增长，增强品牌可信度。,了解 BetterWolf.com：面向 健身、户外、领导力 的高端品牌域名，简短易记，SEO 友好。
ForeverActive.co,brandable_general,ForeverActive.co – 高端品牌域名（Brandable General）,ForeverActive.co 适用于 可品牌化、短名称、易记。名称简短易记，关键词相关度强，利于SEO与自然增长，增强品牌可信度。,了解 ForeverActive.co：面向 可品牌化、短名称、易记 的高端品牌域名，简短易记，SEO 友好。
NatureBased.co,nature_green,NatureBased.co – 高端品牌域名（Nature Green）,NatureBased.co 适用于 可持续、环保、自然。名称简短易记，关键词相关度强，利于SEO与自然增长，增强品牌可信度。,了解 NatureBased.co：面向 可持续、环保、自然 的高端品牌域名，简短易记，SEO 友好。
ReCarrier.com,logistics_transport,ReCarrier.com – 高端品牌域名（Logistics Transport）,ReCarrier.com 适用于 物流、承运、车队。名称简短易记，关键词相关度强，利于SEO与自然增长，增强品牌可信度。,了解 ReCarrier.com：面向 物流、承运、车队 的高端品牌域名，简短易记，SEO 友好。
BoldWarranty.com,warranty,BoldWarranty.com – 高端品牌域名（Warranty）,BoldWarranty.com 适用于 保修、延保、保障。名称简短易记，关键词相关度强，利于SEO与自然增长，增强品牌可信度。,了解 BoldWarranty.com：面向 保修、延保、保障 的高端品牌域名，简短易记，SEO 友好。
BrightWarranty.com,warranty,BrightWarranty.com – 高端品牌域名（Warranty）,BrightWarranty.com 适用于 保修、延保、保障。名称简短易记，关键词相关度强，利于SEO与自然增长，增强品牌可信度。,了解 BrightWarranty.com：面向 保修、延保、保障 的高端品牌域名，简短易记，SEO 友好。
GorgeousEstate.com,real_estate,GorgeousEstate.com – 高端品牌域名（Real Estate）,GorgeousEstate.com 适用于 房地产、房产科技、豪宅。名称简短易记，关键词相关度强，利于SEO与自然增长，增强品牌可信度。,了解 GorgeousEstate.com：面向 房地产、房产科技、豪宅 的高端品牌域名，简短易记，SEO 友好。
SwirlFox.com,animals_strength,SwirlFox.com – 高端品牌域名（Animals Strength）,SwirlFox.com 适用于 健身、户外、领导力。名称简短易记，关键词相关度强，利于SEO与自然增长，增强品牌可信度。,了解 SwirlFox.com：面向 健身、户外、领导力 的高端品牌域名，简短易记，SEO 友好。
VortexBee.com,brandable_general,VortexBee.com – 高端品牌域名（Brandable General）,VortexBee.com 适用于 可品牌化、短名称、易记。名称简短易记，关键词相关度强，利于SEO与自然增长，增强品牌可信度。,了解 VortexBee.com：面向 可品牌化、短名称、易记 的高端品牌域名，简短易记，SEO 友好。
UMZ.io,brandable_general,UMZ.io – 高端品牌域名（Brandable General）,UMZ.io 适用于 可品牌化、短名称、易记。名称简短易记，关键词相关度强，利于SEO与自然增长，增强品牌可信度。,了解 UMZ.io：面向 可品牌化、短名称、易记 的高端品牌域名，简短易记，SEO 友好。
Superluminosity.com,trend_analytics,Superluminosity.com – 高端品牌域名（Trend Analytics）,Superluminosity.com 适用于 分析、数据、趋势。名称简短易记，关键词相关度强，利于SEO与自然增长，增强品牌可信度。,了解 Superluminosity.com：面向 分析、数据、趋势 的高端品牌域名，简短易记，SEO 友好。
Hulgum.com,brandable_general,Hulgum.com – 高端品牌域名（Brandable General）,Hulgum.com 适用于 可品牌化、短名称、易记。名称简短易记，关键词相关度强，利于SEO与自然增长，增强品牌可信度。,了解 Hulgum.com：面向 可品牌化、短名称、易记 的高端品牌域名，简短易记，SEO 友好。
WorkBison.com,animals_strength,WorkBison.com – 高端品牌域名（Animals Strength）,WorkBison.com 适用于 健身、户外、领导力。名称简短易记，关键词相关度强，利于SEO与自然增长，增强品牌可信度。,了解 WorkBison.com：面向 健身、户外、领导力 的高端品牌域名，简短易记，SEO 友好。
DEEB.co,brandable_general,DEEB.co – 高端品牌域名（Brandable General）,DEEB.co 适用于 可品牌化、短名称、易记。名称简短易记，关键词相关度强，利于SEO与自然增长，增强品牌可信度。,了解 DEEB.co：面向 可品牌化、短名称、易记 的高端品牌域名，简短易记，SEO 友好。
DormantEnergy.com,brandable_general,DormantEnergy.com – 高端品牌域名（Brandable General）,DormantEnergy.com 适用于 可品牌化、短名称、易记。名称简短易记，关键词相关度强，利于SEO与自然增长，增强品牌可信度。,了解 DormantEnergy.com：面向 可品牌化、短名称、易记 的高端品牌域名，简短易记，SEO 友好。
RavenTour.com,music_audio,RavenTour.com – 高端品牌域名（Music Audio）,RavenTour.com 适用于 AI音乐、音频软件、声音设计。名称简短易记，关键词相关度强，利于SEO与自然增长，增强品牌可信度。,了解 RavenTour.com：面向 AI音乐、音频软件、声音设计 的高端品牌域名，简短易记，SEO 友好。
FlavorPilot.com,food_snack,FlavorPilot.com – 高端品牌域名（Food Snack）,FlavorPilot.com 适用于 零食、餐饮品牌、外卖。名称简短易记，关键词相关度强，利于SEO与自然增长，增强品牌可信度。,了解 FlavorPilot.com：面向 零食、餐饮品牌、外卖 的高端品牌域名，简短易记，SEO 友好。
PumaAxis.com,saas_dashboard,PumaAxis.com – 高端品牌域名（Saas Dashboard）,PumaAxis.com 适用于 SaaS、数据看板、B2B软件。名称简短易记，关键词相关度强，利于SEO与自然增长，增强品牌可信度。,了解 PumaAxis.com：面向 SaaS、数据看板、B2B软件 的高端品牌域名，简短易记，SEO 友好。
AxisSeven.com,saas_dashboard,AxisSeven.com – 高端品牌域名（Saas Dashboard）,AxisSeven.com 适用于 SaaS、数据看板、B2B软件。名称简短易记，关键词相关度强，利于SEO与自然增长，增强品牌可信度。,了解 AxisSeven.com：面向 SaaS、数据看板、B2B软件 的高端品牌域名，简短易记，SEO 友好。
Wellsix.com,health_diet,Wellsix.com – 高端品牌域名（Health Diet）,Wellsix.com 适用于 健康饮食、营养、健康管理。名称简短易记，关键词相关度强，利于SEO与自然增长，增强品牌可信度。,了解 Wellsix.com：面向 健康饮食、营养、健康管理 的高端品牌域名，简短易记，SEO 友好。
Dronefive.com,drone_tech,Dronefive.com – 高端品牌域名（Drone Tech）,Dronefive.com 适用于 无人机、航拍、测绘。名称简短易记，关键词相关度强，利于SEO与自然增长，增强品牌可信度。,了解 Dronefive.com：面向 无人机、航拍、测绘 的高端品牌域名，简短易记，SEO 友好。
SwankBee.com,brandable_general,SwankBee.com – 高端品牌域名（Brandable General）,SwankBee.com 适用于 可品牌化、短名称、易记。名称简短易记，关键词相关度强，利于SEO与自然增长，增强品牌可信度。,了解 SwankBee.com：面向 可品牌化、短名称、易记 的高端品牌域名，简短易记，SEO 友好。
SoftRaven.com,music_audio,SoftRaven.com – 高端品牌域名（Music Audio）,SoftRaven.com 适用于 AI音乐、音频软件、声音设计。名称简短易记，关键词相关度强，利于SEO与自然增长，增强品牌可信度。,了解 SoftRaven.com：面向 AI音乐、音频软件、声音设计 的高端品牌域名，简短易记，SEO 友好。
OrbitTwo.com,nature_green,OrbitTwo.com – 高端品牌域名（Nature Green）,OrbitTwo.com 适用于 可持续、环保、自然。名称简短易记，关键词相关度强，利于SEO与自然增长，增强品牌可信度。,了解 OrbitTwo.com：面向 可持续、环保、自然 的高端品牌域名，简短易记，SEO 友好。
OwlSnack.com,music_audio,OwlSnack.com – 高端品牌域名（Music Audio）,OwlSnack.com 适用于 AI音乐、音频软件、声音设计。名称简短易记，关键词相关度强，利于SEO与自然增长，增强品牌可信度。,了解 OwlSnack.com：面向 AI音乐、音频软件、声音设计 的高端品牌域名，简短易记，SEO 友好。
VaultTrend.com,trend_analytics,VaultTrend.com – 高端品牌域名（Trend Analytics）,VaultTrend.com 适用于 分析、数据、趋势。名称简短易记，关键词相关度强，利于SEO与自然增长，增强品牌可信度。,了解 VaultTrend.com：面向 分析、数据、趋势 的高端品牌域名，简短易记，SEO 友好。
MetroGist.com,trend_analytics,MetroGist.com – 高端品牌域名（Trend Analytics）,MetroGist.com 适用于 分析、数据、趋势。名称简短易记，关键词相关度强，利于SEO与自然增长，增强品牌可信度。,了解 MetroGist.com：面向 分析、数据、趋势 的高端品牌域名，简短易记，SEO 友好。
NextVisor.com,saas_dashboard,NextVisor.com – 高端品牌域名（Saas Dashboard）,NextVisor.com 适用于 SaaS、数据看板、B2B软件。名称简短易记，关键词相关度强，利于SEO与自然增长，增强品牌可信度。,了解 NextVisor.com：面向 SaaS、数据看板、B2B软件 的高端品牌域名，简短易记，SEO 友好。
CapacityOne.com,brandable_general,CapacityOne.com – 高端品牌域名（Brandable General）,CapacityOne.com 适用于 可品牌化、短名称、易记。名称简短易记，关键词相关度强，利于SEO与自然增长，增强品牌可信度。,了解 CapacityOne.com：面向 可品牌化、短名称、易记 的高端品牌域名，简短易记，SEO 友好。
Suvary.com,brandable_general,Suvary.com – 高端品牌域名（Brandable General）,Suvary.com 适用于 可品牌化、短名称、易记。名称简短易记，关键词相关度强，利于SEO与自然增长，增强品牌可信度。,了解 Suvary.com：面向 可品牌化、短名称、易记 的高端品牌域名，简短易记，SEO 友好。
LeaderBulk.com,brandable_general,LeaderBulk.com – 高端品牌域名（Brandable General）,LeaderBulk.com 适用于 可品牌化、短名称、易记。名称简短易记，关键词相关度强，利于SEO与自然增长，增强品牌可信度。,了解 LeaderBulk.com：面向 可品牌化、短名称、易记 的高端品牌域名，简短易记，SEO 友好。
BrandCubic.com,brand_agency,BrandCubic.com – 高端品牌域名（Brand Agency）,BrandCubic.com 适用于 branding、agency、creative。名称简短易记，关键词相关度强，利于SEO与自然增长，增强品牌可信度。,了解 BrandCubic.com：面向 branding、agency、creative 的高端品牌域名，简短易记，SEO 友好。
BirdEars.com,brandable_general,BirdEars.com – 高端品牌域名（Brandable General）,BirdEars.com 适用于 可品牌化、短名称、易记。名称简短易记，关键词相关度强，利于SEO与自然增长，增强品牌可信度。,了解 BirdEars.com：面向 可品牌化、短名称、易记 的高端品牌域名，简短易记，SEO 友好。
BeeProbe.com,brandable_general,BeeProbe.com – 高端品牌域名（Brandable General）,BeeProbe.com 适用于 可品牌化、短名称、易记。名称简短易记，关键词相关度强，利于SEO与自然增长，增强品牌可信度。,了解 BeeProbe.com：面向 可品牌化、短名称、易记 的高端品牌域名，简短易记，SEO 友好。
BeViews.com,brandable_general,BeViews.com – 高端品牌域名（Brandable General）,BeViews.com 适用于 可品牌化、短名称、易记。名称简短易记，关键词相关度强，利于SEO与自然增长，增强品牌可信度。,了解 BeViews.com：面向 可品牌化、短名称、易记 的高端品牌域名，简短易记，SEO 友好。
JointCup.com,brandable_general,JointCup.com – 高端品牌域名（Brandable General）,JointCup.com 适用于 可品牌化、短名称、易记。名称简短易记，关键词相关度强，利于SEO与自然增长，增强品牌可信度。,了解 JointCup.com：面向 可品牌化、短名称、易记 的高端品牌域名，简短易记，SEO 友好。
PumpLeaf.com,food_snack,PumpLeaf.com – 高端品牌域名（Food Snack）,PumpLeaf.com 适用于 零食、餐饮品牌、外卖。名称简短易记，关键词相关度强，利于SEO与自然增长，增强品牌可信度。,了解 PumpLeaf.com：面向 零食、餐饮品牌、外卖 的高端品牌域名，简短易记，SEO 友好。
IXAZ.com,brandable_general,IXAZ.com – 高端品牌域名（Brandable General）,IXAZ.com 适用于 可品牌化、短名称、易记。名称简短易记，关键词相关度强，利于SEO与自然增长，增强品牌可信度。,了解 IXAZ.com：面向 可品牌化、短名称、易记 的高端品牌域名，简短易记，SEO 友好。
Kwoy.com,brandable_general,Kwoy.com – 高端品牌域名（Brandable General）,Kwoy.com 适用于 可品牌化、短名称、易记。名称简短易记，关键词相关度强，利于SEO与自然增长，增强品牌可信度。,了解 Kwoy.com：面向 可品牌化、短名称、易记 的高端品牌域名，简短易记，SEO 友好。
Ago.me,brandable_general,Ago.me – 高端品牌域名（Brandable General）,Ago.me 适用于 可品牌化、短名称、易记。名称简短易记，关键词相关度强，利于SEO与自然增长，增强品牌可信度。,了解 Ago.me：面向 可品牌化、短名称、易记 的高端品牌域名，简短易记，SEO 友好。
AxisPanel.com,saas_dashboard,AxisPanel.com – 高端品牌域名（Saas Dashboard）,AxisPanel.com 适用于 SaaS、数据看板、B2B软件。名称简短易记，关键词相关度强，利于SEO与自然增长，增强品牌可信度。,了解 AxisPanel.com：面向 SaaS、数据看板、B2B软件 的高端品牌域名，简短易记，SEO 友好。
NutAxis.com,saas_dashboard,NutAxis.com – 高端品牌域名（Saas Dashboard）,NutAxis.com 适用于 SaaS、数据看板、B2B软件。名称简短易记，关键词相关度强，利于SEO与自然增长，增强品牌可信度。,了解 NutAxis.com：面向 SaaS、数据看板、B2B软件 的高端品牌域名，简短易记，SEO 友好。
BurgerOrbit.com,food_snack,BurgerOrbit.com – 高端品牌域名（Food Snack）,BurgerOrbit.com 适用于 零食、餐饮品牌、外卖。名称简短易记，关键词相关度强，利于SEO与自然增长，增强品牌可信度。,了解 BurgerOrbit.com：面向 零食、餐饮品牌、外卖 的高端品牌域名，简短易记，SEO 友好。
Insurens.com,insurance,Insurens.com – 高端品牌域名（Insurance）,Insurens.com 适用于 保险、保险科技、保障。名称简短易记，关键词相关度强，利于SEO与自然增长，增强品牌可信度。,了解 Insurens.com：面向 保险、保险科技、保障 的高端品牌域名，简短易记，SEO 友好。
Foxfuze.com,animals_strength,Foxfuze.com – 高端品牌域名（Animals Strength）,Foxfuze.com 适用于 健身、户外、领导力。名称简短易记，关键词相关度强，利于SEO与自然增长，增强品牌可信度。,了解 Foxfuze.com：面向 健身、户外、领导力 的高端品牌域名，简短易记，SEO 友好。
VillaTiger.com,real_estate,VillaTiger.com – 高端品牌域名（Real Estate）,VillaTiger.com 适用于 房地产、房产科技、豪宅。名称简短易记，关键词相关度强，利于SEO与自然增长，增强品牌可信度。,了解 VillaTiger.com：面向 房地产、房产科技、豪宅 的高端品牌域名，简短易记，SEO 友好。
DiligentFox.com,animals_strength,DiligentFox.com – 高端品牌域名（Animals Strength）,DiligentFox.com 适用于 健身、户外、领导力。名称简短易记，关键词相关度强，利于SEO与自然增长，增强品牌可信度。,了解 DiligentFox.com：面向 健身、户外、领导力 的高端品牌域名，简短易记，SEO 友好。
SquadDefend.com,security_privacy,SquadDefend.com – 高端品牌域名（Security Privacy）,SquadDefend.com 适用于 网络安全、隐私、金库。名称简短易记，关键词相关度强，利于SEO与自然增长，增强品牌可信度。,了解 SquadDefend.com：面向 网络安全、隐私、金库 的高端品牌域名，简短易记，SEO 友好。
Fullbison.com,animals_strength,Fullbison.com – 高端品牌域名（Animals Strength）,Fullbison.com 适用于 健身、户外、领导力。名称简短易记，关键词相关度强，利于SEO与自然增长，增强品牌可信度。,了解 Fullbison.com：面向 健身、户外、领导力 的高端品牌域名，简短易记，SEO 友好。
Beslan.com,brandable_general,Beslan.com – 高端品牌域名（Brandable General）,Beslan.com 适用于 可品牌化、短名称、易记。名称简短易记，关键词相关度强，利于SEO与自然增长，增强品牌可信度。,了解 Beslan.com：面向 可品牌化、短名称、易记 的高端品牌域名，简短易记，SEO 友好。
Bapup.com,brandable_general,Bapup.com – 高端品牌域名（Brandable General）,Bapup.com 适用于 可品牌化、短名称、易记。名称简短易记，关键词相关度强，利于SEO与自然增长，增强品牌可信度。,了解 Bapup.com：面向 可品牌化、短名称、易记 的高端品牌域名，简短易记，SEO 友好。
SwiftPrice.com,pricing_deals,SwiftPrice.com – 高端品牌域名（Pricing Deals）,SwiftPrice.com 适用于 比价、优惠、动态定价。名称简短易记，关键词相关度强，利于SEO与自然增长，增强品牌可信度。,了解 SwiftPrice.com：面向 比价、优惠、动态定价 的高端品牌域名，简短易记，SEO 友好。
LovelyNic.com,brandable_general,LovelyNic.com – 高端品牌域名（Brandable General）,LovelyNic.com 适用于 可品牌化、短名称、易记。名称简短易记，关键词相关度强，利于SEO与自然增长，增强品牌可信度。,了解 LovelyNic.com：面向 可品牌化、短名称、易记 的高端品牌域名，简短易记，SEO 友好。
WolfFleet.com,animals_strength,WolfFleet.com – 高端品牌域名（Animals Strength）,WolfFleet.com 适用于 健身、户外、领导力。名称简短易记，关键词相关度强，利于SEO与自然增长，增强品牌可信度。,了解 WolfFleet.com：面向 健身、户外、领导力 的高端品牌域名，简短易记，SEO 友好。
Soothelle.com,brandable_general,Soothelle.com – 高端品牌域名（Brandable General）,Soothelle.com 适用于 可品牌化、短名称、易记。名称简短易记，关键词相关度强，利于SEO与自然增长，增强品牌可信度。,了解 Soothelle.com：面向 可品牌化、短名称、易记 的高端品牌域名，简短易记，SEO 友好。
ColorfulBrains.com,brand_agency,ColorfulBrains.com – 高端品牌域名（Brand Agency）,ColorfulBrains.com 适用于 branding、agency、creative。名称简短易记，关键词相关度强，利于SEO与自然增长，增强品牌可信度。,了解 ColorfulBrains.com：面向 branding、agency、creative 的高端品牌域名，简短易记，SEO 友好。
Kurub.com,brandable_general,Kurub.com – 高端品牌域名（Brandable General）,Kurub.com 适用于 可品牌化、短名称、易记。名称简短易记，关键词相关度强，利于SEO与自然增长，增强品牌可信度。,了解 Kurub.com：面向 可品牌化、短名称、易记 的高端品牌域名，简短易记，SEO 友好。
LeoBlock.com,brandable_general,LeoBlock.com – 高端品牌域名（Brandable General）,LeoBlock.com 适用于 可品牌化、短名称、易记。名称简短易记，关键词相关度强，利于SEO与自然增长，增强品牌可信度。,了解 LeoBlock.com：面向 可品牌化、短名称、易记 的高端品牌域名，简短易记，SEO 友好。
Grisus.com,brandable_general,Grisus.com – 高端品牌域名（Brandable General）,Grisus.com 适用于 可品牌化、短名称、易记。名称简短易记，关键词相关度强，利于SEO与自然增长，增强品牌可信度。,了解 Grisus.com：面向 可品牌化、短名称、易记 的高端品牌域名，简短易记，SEO 友好。
GeniusScout.com,brand_agency,GeniusScout.com – 高端品牌域名（Brand Agency）,GeniusScout.com 适用于 branding、agency、creative。名称简短易记，关键词相关度强，利于SEO与自然增长，增强品牌可信度。,了解 GeniusScout.com：面向 branding、agency、creative 的高端品牌域名，简短易记，SEO 友好。
Nockit.com,brandable_general,Nockit.com – 高端品牌域名（Brandable General）,Nockit.com 适用于 可品牌化、短名称、易记。名称简短易记，关键词相关度强，利于SEO与自然增长，增强品牌可信度。,了解 Nockit.com：面向 可品牌化、短名称、易记 的高端品牌域名，简短易记，SEO 友好。
CleanBox.net,brandable_general,CleanBox.net – 高端品牌域名（Brandable General）,CleanBox.net 适用于 可品牌化、短名称、易记。名称简短易记，关键词相关度强，利于SEO与自然增长，增强品牌可信度。,了解 CleanBox.net：面向 可品牌化、短名称、易记 的高端品牌域名，简短易记，SEO 友好。
ToVogue.com,brandable_general,ToVogue.com – 高端品牌域名（Brandable General）,ToVogue.com 适用于 可品牌化、短名称、易记。名称简短易记，关键词相关度强，利于SEO与自然增长，增强品牌可信度。,了解 ToVogue.com：面向 可品牌化、短名称、易记 的高端品牌域名，简短易记，SEO 友好。
Bemif.com,brandable_general,Bemif.com – 高端品牌域名（Brandable General）,Bemif.com 适用于 可品牌化、短名称、易记。名称简短易记，关键词相关度强，利于SEO与自然增长，增强品牌可信度。,了解 Bemif.com：面向 可品牌化、短名称、易记 的高端品牌域名，简短易记，SEO 友好。
Bubev.com,brandable_general,Bubev.com – 高端品牌域名（Brandable General）,Bubev.com 适用于 可品牌化、短名称、易记。名称简短易记，关键词相关度强，利于SEO与自然增长，增强品牌可信度。,了解 Bubev.com：面向 可品牌化、短名称、易记 的高端品牌域名，简短易记，SEO 友好。
Kzrn.com,brandable_general,Kzrn.com – 高端品牌域名（Brandable General）,Kzrn.com 适用于 可品牌化、短名称、易记。名称简短易记，关键词相关度强，利于SEO与自然增长，增强品牌可信度。,了解 Kzrn.com：面向 可品牌化、短名称、易记 的高端品牌域名，简短易记，SEO 友好。
AiHarp.com,music_audio,AiHarp.com – 高端品牌域名（Music Audio）,AiHarp.com 适用于 AI音乐、音频软件、声音设计。名称简短易记，关键词相关度强，利于SEO与自然增长，增强品牌可信度。,了解 AiHarp.com：面向 AI音乐、音频软件、声音设计 的高端品牌域名，简短易记，SEO 友好。
ILKX.com,brandable_general,ILKX.com – 高端品牌域名（Brandable General）,ILKX.com 适用于 可品牌化、短名称、易记。名称简短易记，关键词相关度强，利于SEO与自然增长，增强品牌可信度。,了解 ILKX.com：面向 可品牌化、短名称、易记 的高端品牌域名，简短易记，SEO 友好。
Nisuvi.com,brandable_general,Nisuvi.com – 高端品牌域名（Brandable General）,Nisuvi.com 适用于 可品牌化、短名称、易记。名称简短易记，关键词相关度强，利于SEO与自然增长，增强品牌可信度。,了解 Nisuvi.com：面向 可品牌化、短名称、易记 的高端品牌域名，简短易记，SEO 友好。
ShinUp.com,brandable_general,ShinUp.com – 高端品牌域名（Brandable General）,ShinUp.com 适用于 可品牌化、短名称、易记。名称简短易记，关键词相关度强，利于SEO与自然增长，增强品牌可信度。,了解 ShinUp.com：面向 可品牌化、短名称、易记 的高端品牌域名，简短易记，SEO 友好。
CultureChord.com,brandable_general,CultureChord.com – 高端品牌域名（Brandable General）,CultureChord.com 适用于 可品牌化、短名称、易记。名称简短易记，关键词相关度强，利于SEO与自然增长，增强品牌可信度。,了解 CultureChord.com：面向 可品牌化、短名称、易记 的高端品牌域名，简短易记，SEO 友好。
CloutCrest.com,brandable_general,CloutCrest.com – 高端品牌域名（Brandable General）,CloutCrest.com 适用于 可品牌化、短名称、易记。名称简短易记，关键词相关度强，利于SEO与自然增长，增强品牌可信度。,了解 CloutCrest.com：面向 可品牌化、短名称、易记 的高端品牌域名，简短易记，SEO 友好。
